id_venta,id_producto,nombre_producto,cantidad,precio_unitario,importe,categoria_corregida,precio_unitario_producto,fecha,id_cliente,medio_pago,ciudad,fecha_alta,nombre_cliente,email
1,90,Toallas Húmedas x50,1,2902,,Limpieza,2902,2024-06-19,62,tarjeta,Carlos Paz,2023-03-03,Guadalupe Romero,guadalupe.romero@mail.com
2,82,Aceitunas Negras 200g,5,2394,,Alimentos,2394,2024-03-17,49,qr,Rio Cuarto,2023-02-18,Olivia Gomez,olivia.gomez@mail.com
2,39,Helado Vainilla 1L,5,469,,Alimentos,469,2024-03-17,49,qr,Rio Cuarto,2023-02-18,Olivia Gomez,olivia.gomez@mail.com
2,70,Fernet 750ml,2,4061,,Alimentos,4061,2024-03-17,49,qr,Rio Cuarto,2023-02-18,Olivia Gomez,olivia.gomez@mail.com
2,22,Medialunas de Manteca,1,2069,,Alimentos,2069,2024-03-17,49,qr,Rio Cuarto,2023-02-18,Olivia Gomez,olivia.gomez@mail.com
2,79,Hamburguesas Congeladas x4,4,2420,9680.0,Alimentos,2420,2024-03-17,49,qr,Rio Cuarto,2023-02-18,Olivia Gomez,olivia.gomez@mail.com
3,9,Yerba Mate Suave 1kg,2,3878,7756.0,Alimentos,3878,2024-01-13,20,tarjeta,Rio Cuarto,2023-01-20,Tomas Acosta,tomas.acosta@mail.com
3,2,Pepsi 1.5L,2,4973,9946.0,Alimentos,4973,2024-01-13,20,tarjeta,Rio Cuarto,2023-01-20,Tomas Acosta,tomas.acosta@mail.com
3,85,Jugo en Polvo Naranja,1,1856,1856.0,Limpieza,1856,2024-01-13,20,tarjeta,Rio Cuarto,2023-01-20,Tomas Acosta,tomas.acosta@mail.com
4,4,Fanta Naranja 1.5L,2,2033,4066.0,Alimentos,2033,2024-02-27,36,transferencia,Mendiolaza,2023-02-05,Martina Molina,martina.molina@mail.com
4,23,Bizcochos Salados,5,2380,11900.0,Limpieza,2380,2024-02-27,36,transferencia,Mendiolaza,2023-02-05,Martina Molina,martina.molina@mail.com
5,86,Jugo en Polvo Limón,4,4090,16360.0,Limpieza,4090,2024-06-11,56,tarjeta,Rio Cuarto,2023-02-25,Bruno Diaz,bruno.diaz@mail.com
6,25,Galletitas Vainilla,2,4015,8030.0,Alimentos,4015,2024-05-05,91,transferencia,Mendiolaza,2023-04-01,Uma Sanchez,uma.sanchez@mail.com
6,31,Mix de Frutos Secos 200g,3,3409,10227.0,Limpieza,3409,2024-05-05,91,transferencia,Mendiolaza,2023-04-01,Uma Sanchez,uma.sanchez@mail.com
6,83,Queso Untable 190g,1,1830,1830.0,Alimentos,1830,2024-05-05,91,transferencia,Mendiolaza,2023-04-01,Uma Sanchez,uma.sanchez@mail.com
6,59,Chicle Menta,4,3612,14448.0,Limpieza,3612,2024-05-05,91,transferencia,Mendiolaza,2023-04-01,Uma Sanchez,uma.sanchez@mail.com
7,63,Granola 250g,3,4337,13011.0,Limpieza,4337,2024-05-06,92,efectivo,Alta Gracia,2023-04-02,Mariana Rodriguez,mariana.rodriguez@mail.com
8,53,Lavandina 1L,5,1664,8320.0,Limpieza,1664,2024-01-06,66,transferencia,Villa Maria,2023-03-07,Tomas Herrera,tomas.herrera@mail.com
8,18,Queso Rallado 150g,4,3444,13776.0,Alimentos,3444,2024-01-06,66,transferencia,Villa Maria,2023-03-07,Tomas Herrera,tomas.herrera@mail.com
8,68,Vino Blanco 750ml,5,2684,13420.0,Alimentos,2684,2024-01-06,66,transferencia,Villa Maria,2023-03-07,Tomas Herrera,tomas.herrera@mail.com
9,65,Cerveza Rubia 1L,4,2423,9692.0,Alimentos,2423,2024-01-20,86,efectivo,Cordoba,2023-03-27,Diego Torres,diego.torres@mail.com
10,36,Dulce de Leche 400g,2,2559,5118.0,Alimentos,2559,2024-05-28,52,qr,Rio Cuarto,2023-02-21,Diego Diaz,diego.diaz@mail.com
10,100,Trapo de Piso,4,4854,19416.0,Limpieza,4854,2024-05-28,52,qr,Rio Cuarto,2023-02-21,Diego Diaz,diego.diaz@mail.com
10,37,Mermelada de Durazno 400g,3,3196,9588.0,Limpieza,3196,2024-05-28,52,qr,Rio Cuarto,2023-02-21,Diego Diaz,diego.diaz@mail.com
10,62,Stevia 100 sobres,1,3848,3848.0,Limpieza,3848,2024-05-28,52,qr,Rio Cuarto,2023-02-21,Diego Diaz,diego.diaz@mail.com
11,13,Té Verde 20 saquitos,1,2383,2383.0,Limpieza,2383,2024-04-10,20,qr,Rio Cuarto,2023-01-20,Tomas Acosta,tomas.acosta@mail.com
11,65,Cerveza Rubia 1L,2,2423,4846.0,Alimentos,2423,2024-04-10,20,qr,Rio Cuarto,2023-01-20,Tomas Acosta,tomas.acosta@mail.com
11,28,Papas Fritas Clásicas 100g,1,936,936.0,Limpieza,936,2024-04-10,20,qr,Rio Cuarto,2023-01-20,Tomas Acosta,tomas.acosta@mail.com
12,72,Ron 700ml,2,3876,7752.0,Limpieza,3876,2024-06-28,96,efectivo,Cordoba,2023-04-06,Rocio Gonzalez,rocio.gonzalez@mail.com
12,50,Azúcar 1kg,2,727,1454.0,Alimentos,727,2024-06-28,96,efectivo,Cordoba,2023-04-06,Rocio Gonzalez,rocio.gonzalez@mail.com
12,56,Papel Higiénico x4,3,2532,7596.0,Limpieza,2532,2024-06-28,96,efectivo,Cordoba,2023-04-06,Rocio Gonzalez,rocio.gonzalez@mail.com
12,87,Sopa Instantánea Pollo,3,1679,5037.0,Limpieza,1679,2024-06-28,96,efectivo,Cordoba,2023-04-06,Rocio Gonzalez,rocio.gonzalez@mail.com
12,38,Mermelada de Frutilla 400g,4,1584,6336.0,Limpieza,1584,2024-06-28,96,efectivo,Cordoba,2023-04-06,Rocio Gonzalez,rocio.gonzalez@mail.com
13,87,Sopa Instantánea Pollo,1,1679,1679.0,Limpieza,1679,2024-01-24,6,tarjeta,Villa Maria,2023-01-06,Uma Medina,uma.medina@mail.com
13,81,Aceitunas Verdes 200g,3,2520,7560.0,Alimentos,2520,2024-01-24,6,tarjeta,Villa Maria,2023-01-06,Uma Medina,uma.medina@mail.com
13,13,Té Verde 20 saquitos,1,2383,2383.0,Limpieza,2383,2024-01-24,6,tarjeta,Villa Maria,2023-01-06,Uma Medina,uma.medina@mail.com
14,36,Dulce de Leche 400g,4,2559,10236.0,Alimentos,2559,2024-04-18,67,qr,Alta Gracia,2023-03-08,Ivana Romero,ivana.romero@mail.com
14,72,Ron 700ml,5,3876,19380.0,Limpieza,3876,2024-04-18,67,qr,Alta Gracia,2023-03-08,Ivana Romero,ivana.romero@mail.com
14,38,Mermelada de Frutilla 400g,3,1584,4752.0,Limpieza,1584,2024-04-18,67,qr,Alta Gracia,2023-03-08,Ivana Romero,ivana.romero@mail.com
14,97,Limpiavidrios 500ml,1,872,872.0,Limpieza,872,2024-04-18,67,qr,Alta Gracia,2023-03-08,Ivana Romero,ivana.romero@mail.com
15,37,Mermelada de Durazno 400g,3,3196,9588.0,Limpieza,3196,2024-06-27,56,transferencia,Rio Cuarto,2023-02-25,Bruno Diaz,bruno.diaz@mail.com
16,35,Barrita de Cereal 30g,5,4430,22150.0,Limpieza,4430,2024-04-12,2,efectivo,Carlos Paz,2023-01-02,Nicolas Rojas,nicolas.rojas@mail.com
17,81,Aceitunas Verdes 200g,5,2520,12600.0,Alimentos,2520,2024-02-17,88,efectivo,Villa Maria,2023-03-29,Felipe Castro,felipe.castro@mail.com
17,46,Lentejas Secas 500g,5,3036,15180.0,Limpieza,3036,2024-02-17,88,efectivo,Villa Maria,2023-03-29,Felipe Castro,felipe.castro@mail.com
17,74,Whisky 750ml,3,2953,8859.0,Limpieza,2953,2024-02-17,88,efectivo,Villa Maria,2023-03-29,Felipe Castro,felipe.castro@mail.com
18,33,Chocolate con Leche 100g,2,1255,2510.0,Alimentos,1255,2024-06-11,81,qr,Carlos Paz,2023-03-22,Camila Ruiz,camila.ruiz@mail.com
18,4,Fanta Naranja 1.5L,5,2033,10165.0,Alimentos,2033,2024-06-11,81,qr,Carlos Paz,2023-03-22,Camila Ruiz,camila.ruiz@mail.com
18,24,Galletitas Chocolate,2,1305,2610.0,Alimentos,1305,2024-06-11,81,qr,Carlos Paz,2023-03-22,Camila Ruiz,camila.ruiz@mail.com
18,15,Leche Descremada 1L,3,2538,7614.0,Alimentos,2538,2024-06-11,81,qr,Carlos Paz,2023-03-22,Camila Ruiz,camila.ruiz@mail.com
18,22,Medialunas de Manteca,5,2069,10345.0,Alimentos,2069,2024-06-11,81,qr,Carlos Paz,2023-03-22,Camila Ruiz,camila.ruiz@mail.com
19,38,Mermelada de Frutilla 400g,2,1584,3168.0,Limpieza,1584,2024-06-11,80,efectivo,Mendiolaza,2023-03-21,Gael Ruiz,gael.ruiz@mail.com
19,98,Desengrasante 500ml,3,2843,8529.0,Limpieza,2843,2024-06-11,80,efectivo,Mendiolaza,2023-03-21,Gael Ruiz,gael.ruiz@mail.com
19,63,Granola 250g,3,4337,13011.0,Limpieza,4337,2024-06-11,80,efectivo,Mendiolaza,2023-03-21,Gael Ruiz,gael.ruiz@mail.com
20,32,Chocolate Amargo 100g,3,2234,6702.0,Limpieza,2234,2024-01-13,75,tarjeta,Rio Cuarto,2023-03-16,Santiago Castro,santiago.castro@mail.com
21,76,Pizza Congelada Muzzarella,5,4286,21430.0,Limpieza,4286,2024-06-19,10,transferencia,Cordoba,2023-01-10,Karina Acosta,karina.acosta@mail.com
21,35,Barrita de Cereal 30g,1,4430,4430.0,Limpieza,4430,2024-06-19,10,transferencia,Cordoba,2023-01-10,Karina Acosta,karina.acosta@mail.com
22,9,Yerba Mate Suave 1kg,2,3878,7756.0,Alimentos,3878,2024-05-08,64,transferencia,Villa Maria,2023-03-05,Julian Alvarez,julian.alvarez@mail.com
22,28,Papas Fritas Clásicas 100g,3,936,2808.0,Limpieza,936,2024-05-08,64,transferencia,Villa Maria,2023-03-05,Julian Alvarez,julian.alvarez@mail.com
22,24,Galletitas Chocolate,4,1305,5220.0,Alimentos,1305,2024-05-08,64,transferencia,Villa Maria,2023-03-05,Julian Alvarez,julian.alvarez@mail.com
23,64,Avena Instantánea 250g,4,3953,15812.0,Limpieza,3953,2024-05-16,78,transferencia,Villa Maria,2023-03-19,Emilia Alvarez,emilia.alvarez@mail.com
23,83,Queso Untable 190g,4,1830,7320.0,Alimentos,1830,2024-05-16,78,transferencia,Villa Maria,2023-03-19,Emilia Alvarez,emilia.alvarez@mail.com
24,91,Desodorante Aerosol,2,4690,9380.0,Limpieza,4690,2024-06-14,55,tarjeta,Mendiolaza,2023-02-24,Olivia Ruiz,olivia.ruiz@mail.com
24,40,Helado Chocolate 1L,5,1215,6075.0,Alimentos,1215,2024-06-14,55,tarjeta,Mendiolaza,2023-02-24,Olivia Ruiz,olivia.ruiz@mail.com
25,55,Shampoo 400ml,1,1407,1407.0,Limpieza,1407,2024-04-30,13,transferencia,Carlos Paz,2023-01-13,Ivana Sanchez,ivana.sanchez@mail.com
25,95,Mascarilla Capilar,5,1581,7905.0,Limpieza,1581,2024-04-30,13,transferencia,Carlos Paz,2023-01-13,Ivana Sanchez,ivana.sanchez@mail.com
25,72,Ron 700ml,1,3876,3876.0,Limpieza,3876,2024-04-30,13,transferencia,Carlos Paz,2023-01-13,Ivana Sanchez,ivana.sanchez@mail.com
26,79,Hamburguesas Congeladas x4,2,2420,4840.0,Alimentos,2420,2024-01-23,49,efectivo,Rio Cuarto,2023-02-18,Olivia Gomez,olivia.gomez@mail.com
26,86,Jugo en Polvo Limón,1,4090,4090.0,Limpieza,4090,2024-01-23,49,efectivo,Rio Cuarto,2023-02-18,Olivia Gomez,olivia.gomez@mail.com
27,7,Jugo de Manzana 1L,4,3269,13076.0,Limpieza,3269,2024-02-25,9,transferencia,Carlos Paz,2023-01-09,Yamila Molina,yamila.molina@mail.com
27,78,Verduras Congeladas Mix,4,4289,17156.0,Limpieza,4289,2024-02-25,9,transferencia,Carlos Paz,2023-01-09,Yamila Molina,yamila.molina@mail.com
28,74,Whisky 750ml,1,2953,2953.0,Limpieza,2953,2024-05-20,52,qr,Rio Cuarto,2023-02-21,Diego Diaz,diego.diaz@mail.com
28,91,Desodorante Aerosol,2,4690,9380.0,Limpieza,4690,2024-05-20,52,qr,Rio Cuarto,2023-02-21,Diego Diaz,diego.diaz@mail.com
28,72,Ron 700ml,1,3876,3876.0,Limpieza,3876,2024-05-20,52,qr,Rio Cuarto,2023-02-21,Diego Diaz,diego.diaz@mail.com
28,18,Queso Rallado 150g,2,3444,6888.0,Alimentos,3444,2024-05-20,52,qr,Rio Cuarto,2023-02-21,Diego Diaz,diego.diaz@mail.com
28,27,Alfajor Simple,5,2502,12510.0,Limpieza,2502,2024-05-20,52,qr,Rio Cuarto,2023-02-21,Diego Diaz,diego.diaz@mail.com
29,58,Caramelos Masticables,1,4752,4752.0,Limpieza,4752,2024-02-20,49,qr,Rio Cuarto,2023-02-18,Olivia Gomez,olivia.gomez@mail.com
29,36,Dulce de Leche 400g,2,2559,5118.0,Alimentos,2559,2024-02-20,49,qr,Rio Cuarto,2023-02-18,Olivia Gomez,olivia.gomez@mail.com
29,71,Vodka 700ml,4,508,2032.0,Limpieza,508,2024-02-20,49,qr,Rio Cuarto,2023-02-18,Olivia Gomez,olivia.gomez@mail.com
29,27,Alfajor Simple,2,2502,5004.0,Limpieza,2502,2024-02-20,49,qr,Rio Cuarto,2023-02-18,Olivia Gomez,olivia.gomez@mail.com
29,66,Cerveza Negra 1L,1,1533,1533.0,Alimentos,1533,2024-02-20,49,qr,Rio Cuarto,2023-02-18,Olivia Gomez,olivia.gomez@mail.com
30,49,Harina de Trigo 1kg,4,2512,10048.0,Alimentos,2512,2024-03-03,93,efectivo,Alta Gracia,2023-04-03,Gael Rojas,gael.rojas@mail.com
30,78,Verduras Congeladas Mix,3,4289,12867.0,Limpieza,4289,2024-03-03,93,efectivo,Alta Gracia,2023-04-03,Gael Rojas,gael.rojas@mail.com
30,82,Aceitunas Negras 200g,4,2394,9576.0,Alimentos,2394,2024-03-03,93,efectivo,Alta Gracia,2023-04-03,Gael Rojas,gael.rojas@mail.com
30,7,Jugo de Manzana 1L,1,3269,3269.0,Limpieza,3269,2024-03-03,93,efectivo,Alta Gracia,2023-04-03,Gael Rojas,gael.rojas@mail.com
31,92,Crema Dental 90g,4,2512,10048.0,Limpieza,2512,2024-05-22,19,tarjeta,Mendiolaza,2023-01-19,Uma Silva,uma.silva@mail.com
31,90,Toallas Húmedas x50,3,2902,8706.0,Limpieza,2902,2024-05-22,19,tarjeta,Mendiolaza,2023-01-19,Uma Silva,uma.silva@mail.com
31,84,Queso Azul 150g,5,1645,8225.0,Alimentos,1645,2024-05-22,19,tarjeta,Mendiolaza,2023-01-19,Uma Silva,uma.silva@mail.com
32,72,Ron 700ml,5,3876,19380.0,Limpieza,3876,2024-01-30,31,efectivo,Villa Maria,2023-01-31,Felipe Ruiz,felipe.ruiz@mail.com
32,53,Lavandina 1L,4,1664,6656.0,Limpieza,1664,2024-01-30,31,efectivo,Villa Maria,2023-01-31,Felipe Ruiz,felipe.ruiz@mail.com
32,17,Queso Cremoso 500g,3,4834,14502.0,Alimentos,4834,2024-01-30,31,efectivo,Villa Maria,2023-01-31,Felipe Ruiz,felipe.ruiz@mail.com
32,35,Barrita de Cereal 30g,3,4430,13290.0,Limpieza,4430,2024-01-30,31,efectivo,Villa Maria,2023-01-31,Felipe Ruiz,felipe.ruiz@mail.com
33,47,Garbanzos 500g,2,2939,5878.0,Limpieza,2939,2024-02-13,6,efectivo,Villa Maria,2023-01-06,Uma Medina,uma.medina@mail.com
33,76,Pizza Congelada Muzzarella,4,4286,17144.0,Limpieza,4286,2024-02-13,6,efectivo,Villa Maria,2023-01-06,Uma Medina,uma.medina@mail.com
33,100,Trapo de Piso,1,4854,4854.0,Limpieza,4854,2024-02-13,6,efectivo,Villa Maria,2023-01-06,Uma Medina,uma.medina@mail.com
33,91,Desodorante Aerosol,2,4690,9380.0,Limpieza,4690,2024-02-13,6,efectivo,Villa Maria,2023-01-06,Uma Medina,uma.medina@mail.com
34,10,Yerba Mate Intensa 1kg,1,4883,4883.0,Alimentos,4883,2024-01-13,58,transferencia,Rio Cuarto,2023-02-27,Karina Acosta,karina.acosta2@mail.com
34,32,Chocolate Amargo 100g,5,2234,11170.0,Limpieza,2234,2024-01-13,58,transferencia,Rio Cuarto,2023-02-27,Karina Acosta,karina.acosta2@mail.com
35,93,Cepillo de Dientes,3,2142,6426.0,Limpieza,2142,2024-05-30,61,efectivo,Rio Cuarto,2023-03-02,Guadalupe Martinez,guadalupe.martinez@mail.com
35,80,Helado de Frutilla 1L,2,1981,3962.0,Alimentos,1981,2024-05-30,61,efectivo,Rio Cuarto,2023-03-02,Guadalupe Martinez,guadalupe.martinez@mail.com
35,88,Caldo Concentrado Carne,5,2570,12850.0,Limpieza,2570,2024-05-30,61,efectivo,Rio Cuarto,2023-03-02,Guadalupe Martinez,guadalupe.martinez@mail.com
36,50,Azúcar 1kg,4,727,2908.0,Alimentos,727,2024-06-25,5,tarjeta,Cordoba,2023-01-05,Agustina Flores,agustina.flores@mail.com
36,48,Porotos Negros 500g,2,4462,8924.0,Limpieza,4462,2024-06-25,5,tarjeta,Cordoba,2023-01-05,Agustina Flores,agustina.flores@mail.com
37,18,Queso Rallado 150g,3,3444,10332.0,Alimentos,3444,2024-05-17,57,qr,Rio Cuarto,2023-02-26,Julian Acosta,julian.acosta@mail.com
38,62,Stevia 100 sobres,5,3848,19240.0,Limpieza,3848,2024-05-29,56,tarjeta,Rio Cuarto,2023-02-25,Bruno Diaz,bruno.diaz@mail.com
38,14,Leche Entera 1L,3,1723,5169.0,Alimentos,1723,2024-05-29,56,tarjeta,Rio Cuarto,2023-02-25,Bruno Diaz,bruno.diaz@mail.com
38,65,Cerveza Rubia 1L,5,2423,12115.0,Alimentos,2423,2024-05-29,56,tarjeta,Rio Cuarto,2023-02-25,Bruno Diaz,bruno.diaz@mail.com
38,5,Agua Mineral 500ml,3,4777,14331.0,Alimentos,4777,2024-05-29,56,tarjeta,Rio Cuarto,2023-02-25,Bruno Diaz,bruno.diaz@mail.com
39,44,Arroz Largo Fino 1kg,4,2979,11916.0,Alimentos,2979,2024-03-05,5,efectivo,Cordoba,2023-01-05,Agustina Flores,agustina.flores@mail.com
39,22,Medialunas de Manteca,2,2069,4138.0,Alimentos,2069,2024-03-05,5,efectivo,Cordoba,2023-01-05,Agustina Flores,agustina.flores@mail.com
39,58,Caramelos Masticables,4,4752,19008.0,Limpieza,4752,2024-03-05,5,efectivo,Cordoba,2023-01-05,Agustina Flores,agustina.flores@mail.com
39,81,Aceitunas Verdes 200g,4,2520,10080.0,Alimentos,2520,2024-03-05,5,efectivo,Cordoba,2023-01-05,Agustina Flores,agustina.flores@mail.com
40,44,Arroz Largo Fino 1kg,2,2979,5958.0,Alimentos,2979,2024-05-13,15,efectivo,Cordoba,2023-01-15,Tomas Ruiz,tomas.ruiz@mail.com
41,51,Sal Fina 500g,1,1745,1745.0,Limpieza,1745,2024-03-08,29,tarjeta,Alta Gracia,2023-01-29,Diego Fernandez,diego.fernandez@mail.com
41,15,Leche Descremada 1L,1,2538,2538.0,Alimentos,2538,2024-03-08,29,tarjeta,Alta Gracia,2023-01-29,Diego Fernandez,diego.fernandez@mail.com
42,47,Garbanzos 500g,3,2939,8817.0,Limpieza,2939,2024-04-18,12,tarjeta,Alta Gracia,2023-01-12,Gael Gomez,gael.gomez@mail.com
42,29,Papas Fritas Onduladas 100g,1,1868,1868.0,Limpieza,1868,2024-04-18,12,tarjeta,Alta Gracia,2023-01-12,Gael Gomez,gael.gomez@mail.com
42,73,Gin 700ml,3,1561,4683.0,Limpieza,1561,2024-04-18,12,tarjeta,Alta Gracia,2023-01-12,Gael Gomez,gael.gomez@mail.com
43,1,Coca Cola 1.5L,5,2347,11735.0,Alimentos,2347,2024-02-18,23,efectivo,Rio Cuarto,2023-01-23,Helena Fernandez,helena.fernandez@mail.com
43,49,Harina de Trigo 1kg,2,2512,5024.0,Alimentos,2512,2024-02-18,23,efectivo,Rio Cuarto,2023-01-23,Helena Fernandez,helena.fernandez@mail.com
43,66,Cerveza Negra 1L,2,1533,3066.0,Alimentos,1533,2024-02-18,23,efectivo,Rio Cuarto,2023-01-23,Helena Fernandez,helena.fernandez@mail.com
44,48,Porotos Negros 500g,1,4462,4462.0,Limpieza,4462,2024-02-21,21,efectivo,Alta Gracia,2023-01-21,Elena Rodriguez,elena.rodriguez@mail.com
44,47,Garbanzos 500g,2,2939,5878.0,Limpieza,2939,2024-02-21,21,efectivo,Alta Gracia,2023-01-21,Elena Rodriguez,elena.rodriguez@mail.com
44,100,Trapo de Piso,2,4854,9708.0,Limpieza,4854,2024-02-21,21,efectivo,Alta Gracia,2023-01-21,Elena Rodriguez,elena.rodriguez@mail.com
45,12,Té Negro 20 saquitos,2,570,1140.0,Limpieza,570,2024-01-19,15,efectivo,Cordoba,2023-01-15,Tomas Ruiz,tomas.ruiz@mail.com
45,18,Queso Rallado 150g,2,3444,6888.0,Alimentos,3444,2024-01-19,15,efectivo,Cordoba,2023-01-15,Tomas Ruiz,tomas.ruiz@mail.com
45,87,Sopa Instantánea Pollo,4,1679,6716.0,Limpieza,1679,2024-01-19,15,efectivo,Cordoba,2023-01-15,Tomas Ruiz,tomas.ruiz@mail.com
45,98,Desengrasante 500ml,1,2843,2843.0,Limpieza,2843,2024-01-19,15,efectivo,Cordoba,2023-01-15,Tomas Ruiz,tomas.ruiz@mail.com
45,52,Detergente Líquido 750ml,2,2582,5164.0,Limpieza,2582,2024-01-19,15,efectivo,Cordoba,2023-01-15,Tomas Ruiz,tomas.ruiz@mail.com
46,21,Pan Lactal Integral,1,272,272.0,Alimentos,272,2024-03-25,46,tarjeta,Alta Gracia,2023-02-15,Agustina Martinez,agustina.martinez@mail.com
47,43,Salsa de Tomate 500g,5,887,4435.0,Alimentos,887,2024-05-04,52,transferencia,Rio Cuarto,2023-02-21,Diego Diaz,diego.diaz@mail.com
47,6,Jugo de Naranja 1L,3,4170,12510.0,Limpieza,4170,2024-05-04,52,transferencia,Rio Cuarto,2023-02-21,Diego Diaz,diego.diaz@mail.com
48,70,Fernet 750ml,1,4061,4061.0,Alimentos,4061,2024-01-26,84,qr,Cordoba,2023-03-25,Pablo Sanchez,pablo.sanchez@mail.com
48,54,Jabón de Tocador,5,1592,7960.0,Limpieza,1592,2024-01-26,84,qr,Cordoba,2023-03-25,Pablo Sanchez,pablo.sanchez@mail.com
48,57,Servilletas x100,4,4520,18080.0,Limpieza,4520,2024-01-26,84,qr,Cordoba,2023-03-25,Pablo Sanchez,pablo.sanchez@mail.com
49,59,Chicle Menta,2,3612,7224.0,Limpieza,3612,2024-06-02,5,efectivo,Cordoba,2023-01-05,Agustina Flores,agustina.flores@mail.com
49,21,Pan Lactal Integral,4,272,1088.0,Alimentos,272,2024-06-02,5,efectivo,Cordoba,2023-01-05,Agustina Flores,agustina.flores@mail.com
49,59,Chicle Menta,4,3612,14448.0,Limpieza,3612,2024-06-02,5,efectivo,Cordoba,2023-01-05,Agustina Flores,agustina.flores@mail.com
49,18,Queso Rallado 150g,3,3444,10332.0,Alimentos,3444,2024-06-02,5,efectivo,Cordoba,2023-01-05,Agustina Flores,agustina.flores@mail.com
49,85,Jugo en Polvo Naranja,3,1856,5568.0,Limpieza,1856,2024-06-02,5,efectivo,Cordoba,2023-01-05,Agustina Flores,agustina.flores@mail.com
50,10,Yerba Mate Intensa 1kg,2,4883,9766.0,Alimentos,4883,2024-01-09,8,transferencia,Carlos Paz,2023-01-08,Bruno Castro,bruno.castro@mail.com
50,34,Turrón 50g,5,503,2515.0,Limpieza,503,2024-01-09,8,transferencia,Carlos Paz,2023-01-08,Bruno Castro,bruno.castro@mail.com
50,58,Caramelos Masticables,5,4752,23760.0,Limpieza,4752,2024-01-09,8,transferencia,Carlos Paz,2023-01-08,Bruno Castro,bruno.castro@mail.com
50,32,Chocolate Amargo 100g,3,2234,6702.0,Limpieza,2234,2024-01-09,8,transferencia,Carlos Paz,2023-01-08,Bruno Castro,bruno.castro@mail.com
50,91,Desodorante Aerosol,4,4690,18760.0,Limpieza,4690,2024-01-09,8,transferencia,Carlos Paz,2023-01-08,Bruno Castro,bruno.castro@mail.com
51,31,Mix de Frutos Secos 200g,1,3409,3409.0,Limpieza,3409,2024-02-18,39,efectivo,Alta Gracia,2023-02-08,Santiago Diaz,santiago.diaz@mail.com
52,83,Queso Untable 190g,2,1830,3660.0,Alimentos,1830,2024-05-10,5,tarjeta,Cordoba,2023-01-05,Agustina Flores,agustina.flores@mail.com
52,9,Yerba Mate Suave 1kg,4,3878,15512.0,Alimentos,3878,2024-05-10,5,tarjeta,Cordoba,2023-01-05,Agustina Flores,agustina.flores@mail.com
52,81,Aceitunas Verdes 200g,5,2520,12600.0,Alimentos,2520,2024-05-10,5,tarjeta,Cordoba,2023-01-05,Agustina Flores,agustina.flores@mail.com
52,38,Mermelada de Frutilla 400g,3,1584,4752.0,Limpieza,1584,2024-05-10,5,tarjeta,Cordoba,2023-01-05,Agustina Flores,agustina.flores@mail.com
53,28,Papas Fritas Clásicas 100g,1,936,936.0,Limpieza,936,2024-01-25,56,tarjeta,Rio Cuarto,2023-02-25,Bruno Diaz,bruno.diaz@mail.com
54,65,Cerveza Rubia 1L,1,2423,2423.0,Alimentos,2423,2024-03-26,1,tarjeta,Carlos Paz,2023-01-01,Mariana Lopez,mariana.lopez@mail.com
54,18,Queso Rallado 150g,2,3444,6888.0,Alimentos,3444,2024-03-26,1,tarjeta,Carlos Paz,2023-01-01,Mariana Lopez,mariana.lopez@mail.com
54,91,Desodorante Aerosol,3,4690,14070.0,Limpieza,4690,2024-03-26,1,tarjeta,Carlos Paz,2023-01-01,Mariana Lopez,mariana.lopez@mail.com
54,8,Energética Nitro 500ml,3,4218,12654.0,Limpieza,4218,2024-03-26,1,tarjeta,Carlos Paz,2023-01-01,Mariana Lopez,mariana.lopez@mail.com
55,39,Helado Vainilla 1L,4,469,1876.0,Alimentos,469,2024-01-04,100,qr,Cordoba,2023-04-10,Agustina Lopez,agustina.lopez@mail.com
56,18,Queso Rallado 150g,5,3444,17220.0,Alimentos,3444,2024-06-14,15,qr,Cordoba,2023-01-15,Tomas Ruiz,tomas.ruiz@mail.com
57,31,Mix de Frutos Secos 200g,3,3409,10227.0,Limpieza,3409,2024-01-10,34,efectivo,Villa Maria,2023-02-03,Bruno Castro,bruno.castro2@mail.com
57,41,Aceite de Girasol 1L,4,860,3440.0,Alimentos,860,2024-01-10,34,efectivo,Villa Maria,2023-02-03,Bruno Castro,bruno.castro2@mail.com
57,9,Yerba Mate Suave 1kg,5,3878,19390.0,Alimentos,3878,2024-01-10,34,efectivo,Villa Maria,2023-02-03,Bruno Castro,bruno.castro2@mail.com
57,76,Pizza Congelada Muzzarella,3,4286,12858.0,Limpieza,4286,2024-01-10,34,efectivo,Villa Maria,2023-02-03,Bruno Castro,bruno.castro2@mail.com
57,98,Desengrasante 500ml,4,2843,11372.0,Limpieza,2843,2024-01-10,34,efectivo,Villa Maria,2023-02-03,Bruno Castro,bruno.castro2@mail.com
58,43,Salsa de Tomate 500g,2,887,1774.0,Alimentos,887,2024-02-04,48,transferencia,Cordoba,2023-02-17,Rocio Alvarez,rocio.alvarez@mail.com
58,11,Café Molido 250g,1,2053,2053.0,Alimentos,2053,2024-02-04,48,transferencia,Cordoba,2023-02-17,Rocio Alvarez,rocio.alvarez@mail.com
59,31,Mix de Frutos Secos 200g,1,3409,3409.0,Limpieza,3409,2024-04-28,62,tarjeta,Carlos Paz,2023-03-03,Guadalupe Romero,guadalupe.romero@mail.com
59,8,Energética Nitro 500ml,2,4218,8436.0,Limpieza,4218,2024-04-28,62,tarjeta,Carlos Paz,2023-03-03,Guadalupe Romero,guadalupe.romero@mail.com
59,97,Limpiavidrios 500ml,5,872,4360.0,Limpieza,872,2024-04-28,62,tarjeta,Carlos Paz,2023-03-03,Guadalupe Romero,guadalupe.romero@mail.com
60,43,Salsa de Tomate 500g,1,887,887.0,Alimentos,887,2024-04-04,81,transferencia,Carlos Paz,2023-03-22,Camila Ruiz,camila.ruiz@mail.com
60,98,Desengrasante 500ml,3,2843,8529.0,Limpieza,2843,2024-04-04,81,transferencia,Carlos Paz,2023-03-22,Camila Ruiz,camila.ruiz@mail.com
60,15,Leche Descremada 1L,1,2538,2538.0,Alimentos,2538,2024-04-04,81,transferencia,Carlos Paz,2023-03-22,Camila Ruiz,camila.ruiz@mail.com
60,21,Pan Lactal Integral,2,272,544.0,Alimentos,272,2024-04-04,81,transferencia,Carlos Paz,2023-03-22,Camila Ruiz,camila.ruiz@mail.com
60,91,Desodorante Aerosol,4,4690,18760.0,Limpieza,4690,2024-04-04,81,transferencia,Carlos Paz,2023-03-22,Camila Ruiz,camila.ruiz@mail.com
61,9,Yerba Mate Suave 1kg,3,3878,11634.0,Alimentos,3878,2024-06-01,27,efectivo,Rio Cuarto,2023-01-27,Tomas Castro,tomas.castro@mail.com
61,19,Manteca 200g,3,3251,9753.0,Limpieza,3251,2024-06-01,27,efectivo,Rio Cuarto,2023-01-27,Tomas Castro,tomas.castro@mail.com
62,47,Garbanzos 500g,4,2939,11756.0,Limpieza,2939,2024-05-01,100,transferencia,Cordoba,2023-04-10,Agustina Lopez,agustina.lopez@mail.com
62,95,Mascarilla Capilar,3,1581,4743.0,Limpieza,1581,2024-05-01,100,transferencia,Cordoba,2023-04-10,Agustina Lopez,agustina.lopez@mail.com
63,8,Energética Nitro 500ml,5,4218,21090.0,Limpieza,4218,2024-06-19,25,tarjeta,Rio Cuarto,2023-01-25,Karina Castro,karina.castro@mail.com
63,2,Pepsi 1.5L,2,4973,9946.0,Alimentos,4973,2024-06-19,25,tarjeta,Rio Cuarto,2023-01-25,Karina Castro,karina.castro@mail.com
63,70,Fernet 750ml,3,4061,12183.0,Alimentos,4061,2024-06-19,25,tarjeta,Rio Cuarto,2023-01-25,Karina Castro,karina.castro@mail.com
63,45,Fideos Spaghetti 500g,4,745,2980.0,Alimentos,745,2024-06-19,25,tarjeta,Rio Cuarto,2023-01-25,Karina Castro,karina.castro@mail.com
64,4,Fanta Naranja 1.5L,2,2033,4066.0,Alimentos,2033,2024-03-07,58,qr,Rio Cuarto,2023-02-27,Karina Acosta,karina.acosta2@mail.com
64,41,Aceite de Girasol 1L,2,860,1720.0,Alimentos,860,2024-03-07,58,qr,Rio Cuarto,2023-02-27,Karina Acosta,karina.acosta2@mail.com
65,77,Empanadas Congeladas,4,4778,19112.0,Alimentos,4778,2024-04-30,30,qr,Alta Gracia,2023-01-30,Ivana Medina,ivana.medina@mail.com
65,22,Medialunas de Manteca,3,2069,6207.0,Alimentos,2069,2024-04-30,30,qr,Alta Gracia,2023-01-30,Ivana Medina,ivana.medina@mail.com
65,38,Mermelada de Frutilla 400g,5,1584,7920.0,Limpieza,1584,2024-04-30,30,qr,Alta Gracia,2023-01-30,Ivana Medina,ivana.medina@mail.com
65,36,Dulce de Leche 400g,4,2559,10236.0,Alimentos,2559,2024-04-30,30,qr,Alta Gracia,2023-01-30,Ivana Medina,ivana.medina@mail.com
66,16,Yogur Natural 200g,3,4613,13839.0,Limpieza,4613,2024-03-14,69,qr,Rio Cuarto,2023-03-10,Felipe Flores,felipe.flores@mail.com
67,53,Lavandina 1L,1,1664,1664.0,Limpieza,1664,2024-03-21,66,efectivo,Villa Maria,2023-03-07,Tomas Herrera,tomas.herrera@mail.com
67,8,Energética Nitro 500ml,2,4218,8436.0,Limpieza,4218,2024-03-21,66,efectivo,Villa Maria,2023-03-07,Tomas Herrera,tomas.herrera@mail.com
68,94,Hilo Dental,4,1418,5672.0,Limpieza,1418,2024-06-28,27,qr,Rio Cuarto,2023-01-27,Tomas Castro,tomas.castro@mail.com
69,76,Pizza Congelada Muzzarella,4,4286,17144.0,Limpieza,4286,2024-01-06,42,qr,Alta Gracia,2023-02-11,Tomas Flores,tomas.flores@mail.com
69,74,Whisky 750ml,3,2953,8859.0,Limpieza,2953,2024-01-06,42,qr,Alta Gracia,2023-02-11,Tomas Flores,tomas.flores@mail.com
70,66,Cerveza Negra 1L,3,1533,4599.0,Alimentos,1533,2024-02-02,41,transferencia,Alta Gracia,2023-02-10,Elena Rodriguez,elena.rodriguez2@mail.com
70,89,Caldo Concentrado Verdura,4,1003,4012.0,Limpieza,1003,2024-02-02,41,transferencia,Alta Gracia,2023-02-10,Elena Rodriguez,elena.rodriguez2@mail.com
70,38,Mermelada de Frutilla 400g,3,1584,4752.0,Limpieza,1584,2024-02-02,41,transferencia,Alta Gracia,2023-02-10,Elena Rodriguez,elena.rodriguez2@mail.com
71,11,Café Molido 250g,3,2053,6159.0,Alimentos,2053,2024-06-02,40,qr,Rio Cuarto,2023-02-09,Felipe Diaz,felipe.diaz@mail.com
71,79,Hamburguesas Congeladas x4,4,2420,9680.0,Alimentos,2420,2024-06-02,40,qr,Rio Cuarto,2023-02-09,Felipe Diaz,felipe.diaz@mail.com
71,100,Trapo de Piso,4,4854,19416.0,Limpieza,4854,2024-06-02,40,qr,Rio Cuarto,2023-02-09,Felipe Diaz,felipe.diaz@mail.com
71,92,Crema Dental 90g,1,2512,2512.0,Limpieza,2512,2024-06-02,40,qr,Rio Cuarto,2023-02-09,Felipe Diaz,felipe.diaz@mail.com
72,94,Hilo Dental,3,1418,4254.0,Limpieza,1418,2024-02-17,26,qr,Alta Gracia,2023-01-26,Camila Sanchez,camila.sanchez@mail.com
72,41,Aceite de Girasol 1L,4,860,3440.0,Alimentos,860,2024-02-17,26,qr,Alta Gracia,2023-01-26,Camila Sanchez,camila.sanchez@mail.com
72,51,Sal Fina 500g,2,1745,3490.0,Limpieza,1745,2024-02-17,26,qr,Alta Gracia,2023-01-26,Camila Sanchez,camila.sanchez@mail.com
73,28,Papas Fritas Clásicas 100g,1,936,936.0,Limpieza,936,2024-05-16,42,transferencia,Alta Gracia,2023-02-11,Tomas Flores,tomas.flores@mail.com
73,24,Galletitas Chocolate,3,1305,3915.0,Alimentos,1305,2024-05-16,42,transferencia,Alta Gracia,2023-02-11,Tomas Flores,tomas.flores@mail.com
73,19,Manteca 200g,1,3251,3251.0,Limpieza,3251,2024-05-16,42,transferencia,Alta Gracia,2023-02-11,Tomas Flores,tomas.flores@mail.com
74,32,Chocolate Amargo 100g,3,2234,6702.0,Limpieza,2234,2024-04-26,56,efectivo,Rio Cuarto,2023-02-25,Bruno Diaz,bruno.diaz@mail.com
74,14,Leche Entera 1L,2,1723,3446.0,Alimentos,1723,2024-04-26,56,efectivo,Rio Cuarto,2023-02-25,Bruno Diaz,bruno.diaz@mail.com
74,55,Shampoo 400ml,2,1407,2814.0,Limpieza,1407,2024-04-26,56,efectivo,Rio Cuarto,2023-02-25,Bruno Diaz,bruno.diaz@mail.com
75,3,Sprite 1.5L,4,4964,19856.0,Alimentos,4964,2024-05-23,61,qr,Rio Cuarto,2023-03-02,Guadalupe Martinez,guadalupe.martinez@mail.com
75,2,Pepsi 1.5L,5,4973,24865.0,Alimentos,4973,2024-05-23,61,qr,Rio Cuarto,2023-03-02,Guadalupe Martinez,guadalupe.martinez@mail.com
76,22,Medialunas de Manteca,4,2069,8276.0,Alimentos,2069,2024-05-15,75,tarjeta,Rio Cuarto,2023-03-16,Santiago Castro,santiago.castro@mail.com
76,23,Bizcochos Salados,4,2380,9520.0,Limpieza,2380,2024-05-15,75,tarjeta,Rio Cuarto,2023-03-16,Santiago Castro,santiago.castro@mail.com
76,24,Galletitas Chocolate,1,1305,1305.0,Alimentos,1305,2024-05-15,75,tarjeta,Rio Cuarto,2023-03-16,Santiago Castro,santiago.castro@mail.com
76,11,Café Molido 250g,2,2053,4106.0,Alimentos,2053,2024-05-15,75,tarjeta,Rio Cuarto,2023-03-16,Santiago Castro,santiago.castro@mail.com
77,53,Lavandina 1L,2,1664,3328.0,Limpieza,1664,2024-05-26,55,tarjeta,Mendiolaza,2023-02-24,Olivia Ruiz,olivia.ruiz@mail.com
77,41,Aceite de Girasol 1L,1,860,860.0,Alimentos,860,2024-05-26,55,tarjeta,Mendiolaza,2023-02-24,Olivia Ruiz,olivia.ruiz@mail.com
77,34,Turrón 50g,5,503,2515.0,Limpieza,503,2024-05-26,55,tarjeta,Mendiolaza,2023-02-24,Olivia Ruiz,olivia.ruiz@mail.com
77,98,Desengrasante 500ml,2,2843,5686.0,Limpieza,2843,2024-05-26,55,tarjeta,Mendiolaza,2023-02-24,Olivia Ruiz,olivia.ruiz@mail.com
77,39,Helado Vainilla 1L,2,469,938.0,Alimentos,469,2024-05-26,55,tarjeta,Mendiolaza,2023-02-24,Olivia Ruiz,olivia.ruiz@mail.com
78,37,Mermelada de Durazno 400g,3,3196,9588.0,Limpieza,3196,2024-04-29,12,qr,Alta Gracia,2023-01-12,Gael Gomez,gael.gomez@mail.com
78,79,Hamburguesas Congeladas x4,5,2420,12100.0,Alimentos,2420,2024-04-29,12,qr,Alta Gracia,2023-01-12,Gael Gomez,gael.gomez@mail.com
78,17,Queso Cremoso 500g,2,4834,9668.0,Alimentos,4834,2024-04-29,12,qr,Alta Gracia,2023-01-12,Gael Gomez,gael.gomez@mail.com
78,85,Jugo en Polvo Naranja,1,1856,1856.0,Limpieza,1856,2024-04-29,12,qr,Alta Gracia,2023-01-12,Gael Gomez,gael.gomez@mail.com
78,39,Helado Vainilla 1L,2,469,938.0,Alimentos,469,2024-04-29,12,qr,Alta Gracia,2023-01-12,Gael Gomez,gael.gomez@mail.com
79,81,Aceitunas Verdes 200g,2,2520,5040.0,Alimentos,2520,2024-06-06,57,qr,Rio Cuarto,2023-02-26,Julian Acosta,julian.acosta@mail.com
79,56,Papel Higiénico x4,2,2532,5064.0,Limpieza,2532,2024-06-06,57,qr,Rio Cuarto,2023-02-26,Julian Acosta,julian.acosta@mail.com
80,39,Helado Vainilla 1L,5,469,2345.0,Alimentos,469,2024-03-25,54,efectivo,Alta Gracia,2023-02-23,Uma Herrera,uma.herrera@mail.com
80,30,Maní Salado 200g,3,4875,14625.0,Limpieza,4875,2024-03-25,54,efectivo,Alta Gracia,2023-02-23,Uma Herrera,uma.herrera@mail.com
80,41,Aceite de Girasol 1L,5,860,4300.0,Alimentos,860,2024-03-25,54,efectivo,Alta Gracia,2023-02-23,Uma Herrera,uma.herrera@mail.com
81,10,Yerba Mate Intensa 1kg,2,4883,9766.0,Alimentos,4883,2024-03-09,49,transferencia,Rio Cuarto,2023-02-18,Olivia Gomez,olivia.gomez@mail.com
82,38,Mermelada de Frutilla 400g,1,1584,1584.0,Limpieza,1584,2024-01-25,19,tarjeta,Mendiolaza,2023-01-19,Uma Silva,uma.silva@mail.com
82,28,Papas Fritas Clásicas 100g,2,936,1872.0,Limpieza,936,2024-01-25,19,tarjeta,Mendiolaza,2023-01-19,Uma Silva,uma.silva@mail.com
82,29,Papas Fritas Onduladas 100g,5,1868,9340.0,Limpieza,1868,2024-01-25,19,tarjeta,Mendiolaza,2023-01-19,Uma Silva,uma.silva@mail.com
82,82,Aceitunas Negras 200g,2,2394,4788.0,Alimentos,2394,2024-01-25,19,tarjeta,Mendiolaza,2023-01-19,Uma Silva,uma.silva@mail.com
83,5,Agua Mineral 500ml,2,4777,9554.0,Alimentos,4777,2024-05-28,91,efectivo,Mendiolaza,2023-04-01,Uma Sanchez,uma.sanchez@mail.com
83,26,Alfajor Triple,2,1001,2002.0,Limpieza,1001,2024-05-28,91,efectivo,Mendiolaza,2023-04-01,Uma Sanchez,uma.sanchez@mail.com
83,73,Gin 700ml,5,1561,7805.0,Limpieza,1561,2024-05-28,91,efectivo,Mendiolaza,2023-04-01,Uma Sanchez,uma.sanchez@mail.com
83,51,Sal Fina 500g,2,1745,3490.0,Limpieza,1745,2024-05-28,91,efectivo,Mendiolaza,2023-04-01,Uma Sanchez,uma.sanchez@mail.com
84,83,Queso Untable 190g,5,1830,9150.0,Alimentos,1830,2024-01-02,72,efectivo,Cordoba,2023-03-13,Camila Rodriguez,camila.rodriguez@mail.com
84,76,Pizza Congelada Muzzarella,4,4286,17144.0,Limpieza,4286,2024-01-02,72,efectivo,Cordoba,2023-03-13,Camila Rodriguez,camila.rodriguez@mail.com
85,32,Chocolate Amargo 100g,4,2234,8936.0,Limpieza,2234,2024-01-23,42,transferencia,Alta Gracia,2023-02-11,Tomas Flores,tomas.flores@mail.com
85,80,Helado de Frutilla 1L,2,1981,3962.0,Alimentos,1981,2024-01-23,42,transferencia,Alta Gracia,2023-02-11,Tomas Flores,tomas.flores@mail.com
86,66,Cerveza Negra 1L,2,1533,3066.0,Alimentos,1533,2024-01-10,40,efectivo,Rio Cuarto,2023-02-09,Felipe Diaz,felipe.diaz@mail.com
86,1,Coca Cola 1.5L,4,2347,9388.0,Alimentos,2347,2024-01-10,40,efectivo,Rio Cuarto,2023-02-09,Felipe Diaz,felipe.diaz@mail.com
86,13,Té Verde 20 saquitos,5,2383,11915.0,Limpieza,2383,2024-01-10,40,efectivo,Rio Cuarto,2023-02-09,Felipe Diaz,felipe.diaz@mail.com
86,41,Aceite de Girasol 1L,3,860,2580.0,Alimentos,860,2024-01-10,40,efectivo,Rio Cuarto,2023-02-09,Felipe Diaz,felipe.diaz@mail.com
87,53,Lavandina 1L,2,1664,3328.0,Limpieza,1664,2024-04-20,100,qr,Cordoba,2023-04-10,Agustina Lopez,agustina.lopez@mail.com
87,86,Jugo en Polvo Limón,2,4090,8180.0,Limpieza,4090,2024-04-20,100,qr,Cordoba,2023-04-10,Agustina Lopez,agustina.lopez@mail.com
88,7,Jugo de Manzana 1L,5,3269,16345.0,Limpieza,3269,2024-06-21,37,efectivo,Mendiolaza,2023-02-06,Martina Perez,martina.perez@mail.com
88,53,Lavandina 1L,5,1664,8320.0,Limpieza,1664,2024-06-21,37,efectivo,Mendiolaza,2023-02-06,Martina Perez,martina.perez@mail.com
88,8,Energética Nitro 500ml,4,4218,16872.0,Limpieza,4218,2024-06-21,37,efectivo,Mendiolaza,2023-02-06,Martina Perez,martina.perez@mail.com
89,72,Ron 700ml,2,3876,7752.0,Limpieza,3876,2024-01-18,17,tarjeta,Villa Maria,2023-01-17,Pablo Gomez,pablo.gomez@mail.com
90,79,Hamburguesas Congeladas x4,4,2420,9680.0,Alimentos,2420,2024-01-08,46,qr,Alta Gracia,2023-02-15,Agustina Martinez,agustina.martinez@mail.com
90,6,Jugo de Naranja 1L,2,4170,8340.0,Limpieza,4170,2024-01-08,46,qr,Alta Gracia,2023-02-15,Agustina Martinez,agustina.martinez@mail.com
91,57,Servilletas x100,3,4520,13560.0,Limpieza,4520,2024-02-19,39,efectivo,Alta Gracia,2023-02-08,Santiago Diaz,santiago.diaz@mail.com
92,10,Yerba Mate Intensa 1kg,2,4883,9766.0,Alimentos,4883,2024-02-09,42,transferencia,Alta Gracia,2023-02-11,Tomas Flores,tomas.flores@mail.com
92,43,Salsa de Tomate 500g,4,887,3548.0,Alimentos,887,2024-02-09,42,transferencia,Alta Gracia,2023-02-11,Tomas Flores,tomas.flores@mail.com
93,80,Helado de Frutilla 1L,4,1981,7924.0,Alimentos,1981,2024-01-29,90,efectivo,Rio Cuarto,2023-03-31,Guadalupe Ruiz,guadalupe.ruiz@mail.com
93,66,Cerveza Negra 1L,3,1533,4599.0,Alimentos,1533,2024-01-29,90,efectivo,Rio Cuarto,2023-03-31,Guadalupe Ruiz,guadalupe.ruiz@mail.com
93,91,Desodorante Aerosol,3,4690,14070.0,Limpieza,4690,2024-01-29,90,efectivo,Rio Cuarto,2023-03-31,Guadalupe Ruiz,guadalupe.ruiz@mail.com
94,24,Galletitas Chocolate,1,1305,1305.0,Alimentos,1305,2024-03-06,41,qr,Alta Gracia,2023-02-10,Elena Rodriguez,elena.rodriguez2@mail.com
94,86,Jugo en Polvo Limón,5,4090,20450.0,Limpieza,4090,2024-03-06,41,qr,Alta Gracia,2023-02-10,Elena Rodriguez,elena.rodriguez2@mail.com
94,98,Desengrasante 500ml,2,2843,5686.0,Limpieza,2843,2024-03-06,41,qr,Alta Gracia,2023-02-10,Elena Rodriguez,elena.rodriguez2@mail.com
95,72,Ron 700ml,5,3876,19380.0,Limpieza,3876,2024-02-25,26,qr,Alta Gracia,2023-01-26,Camila Sanchez,camila.sanchez@mail.com
95,12,Té Negro 20 saquitos,1,570,570.0,Limpieza,570,2024-02-25,26,qr,Alta Gracia,2023-01-26,Camila Sanchez,camila.sanchez@mail.com
96,81,Aceitunas Verdes 200g,3,2520,7560.0,Alimentos,2520,2024-02-23,83,tarjeta,Rio Cuarto,2023-03-24,Franco Gomez,franco.gomez@mail.com
96,68,Vino Blanco 750ml,1,2684,2684.0,Alimentos,2684,2024-02-23,83,tarjeta,Rio Cuarto,2023-03-24,Franco Gomez,franco.gomez@mail.com
96,11,Café Molido 250g,2,2053,4106.0,Alimentos,2053,2024-02-23,83,tarjeta,Rio Cuarto,2023-03-24,Franco Gomez,franco.gomez@mail.com
96,50,Azúcar 1kg,3,727,2181.0,Alimentos,727,2024-02-23,83,tarjeta,Rio Cuarto,2023-03-24,Franco Gomez,franco.gomez@mail.com
97,59,Chicle Menta,5,3612,18060.0,Limpieza,3612,2024-06-16,39,efectivo,Alta Gracia,2023-02-08,Santiago Diaz,santiago.diaz@mail.com
97,36,Dulce de Leche 400g,1,2559,2559.0,Alimentos,2559,2024-06-16,39,efectivo,Alta Gracia,2023-02-08,Santiago Diaz,santiago.diaz@mail.com
97,4,Fanta Naranja 1.5L,3,2033,6099.0,Alimentos,2033,2024-06-16,39,efectivo,Alta Gracia,2023-02-08,Santiago Diaz,santiago.diaz@mail.com
98,28,Papas Fritas Clásicas 100g,4,936,3744.0,Limpieza,936,2024-01-12,43,transferencia,Mendiolaza,2023-02-12,Lucas Perez,lucas.perez@mail.com
98,61,Miel Pura 250g,1,4982,4982.0,Limpieza,4982,2024-01-12,43,transferencia,Mendiolaza,2023-02-12,Lucas Perez,lucas.perez@mail.com
98,29,Papas Fritas Onduladas 100g,1,1868,1868.0,Limpieza,1868,2024-01-12,43,transferencia,Mendiolaza,2023-02-12,Lucas Perez,lucas.perez@mail.com
98,83,Queso Untable 190g,3,1830,5490.0,Alimentos,1830,2024-01-12,43,transferencia,Mendiolaza,2023-02-12,Lucas Perez,lucas.perez@mail.com
99,40,Helado Chocolate 1L,5,1215,6075.0,Alimentos,1215,2024-03-13,51,transferencia,Rio Cuarto,2023-02-20,Agustina Gomez,agustina.gomez@mail.com
100,13,Té Verde 20 saquitos,3,2383,7149.0,Limpieza,2383,2024-06-08,69,qr,Rio Cuarto,2023-03-10,Felipe Flores,felipe.flores@mail.com
100,18,Queso Rallado 150g,4,3444,13776.0,Alimentos,3444,2024-06-08,69,qr,Rio Cuarto,2023-03-10,Felipe Flores,felipe.flores@mail.com
100,58,Caramelos Masticables,2,4752,9504.0,Limpieza,4752,2024-06-08,69,qr,Rio Cuarto,2023-03-10,Felipe Flores,felipe.flores@mail.com
100,57,Servilletas x100,1,4520,4520.0,Limpieza,4520,2024-06-08,69,qr,Rio Cuarto,2023-03-10,Felipe Flores,felipe.flores@mail.com
100,9,Yerba Mate Suave 1kg,4,3878,15512.0,Alimentos,3878,2024-06-08,69,qr,Rio Cuarto,2023-03-10,Felipe Flores,felipe.flores@mail.com
101,34,Turrón 50g,4,503,2012.0,Limpieza,503,2024-03-28,72,efectivo,Cordoba,2023-03-13,Camila Rodriguez,camila.rodriguez@mail.com
102,78,Verduras Congeladas Mix,3,4289,12867.0,Limpieza,4289,2024-03-29,18,efectivo,Carlos Paz,2023-01-18,Ivana Torres,ivana.torres@mail.com
102,36,Dulce de Leche 400g,3,2559,7677.0,Alimentos,2559,2024-03-29,18,efectivo,Carlos Paz,2023-01-18,Ivana Torres,ivana.torres@mail.com
103,79,Hamburguesas Congeladas x4,5,2420,12100.0,Alimentos,2420,2024-03-11,39,efectivo,Alta Gracia,2023-02-08,Santiago Diaz,santiago.diaz@mail.com
103,43,Salsa de Tomate 500g,5,887,4435.0,Alimentos,887,2024-03-11,39,efectivo,Alta Gracia,2023-02-08,Santiago Diaz,santiago.diaz@mail.com
103,34,Turrón 50g,1,503,503.0,Limpieza,503,2024-03-11,39,efectivo,Alta Gracia,2023-02-08,Santiago Diaz,santiago.diaz@mail.com
103,70,Fernet 750ml,1,4061,4061.0,Alimentos,4061,2024-03-11,39,efectivo,Alta Gracia,2023-02-08,Santiago Diaz,santiago.diaz@mail.com
104,95,Mascarilla Capilar,2,1581,3162.0,Limpieza,1581,2024-06-17,86,qr,Cordoba,2023-03-27,Diego Torres,diego.torres@mail.com
104,68,Vino Blanco 750ml,3,2684,8052.0,Alimentos,2684,2024-06-17,86,qr,Cordoba,2023-03-27,Diego Torres,diego.torres@mail.com
104,68,Vino Blanco 750ml,5,2684,13420.0,Alimentos,2684,2024-06-17,86,qr,Cordoba,2023-03-27,Diego Torres,diego.torres@mail.com
105,13,Té Verde 20 saquitos,2,2383,4766.0,Limpieza,2383,2024-02-06,1,transferencia,Carlos Paz,2023-01-01,Mariana Lopez,mariana.lopez@mail.com
105,4,Fanta Naranja 1.5L,4,2033,8132.0,Alimentos,2033,2024-02-06,1,transferencia,Carlos Paz,2023-01-01,Mariana Lopez,mariana.lopez@mail.com
105,58,Caramelos Masticables,2,4752,9504.0,Limpieza,4752,2024-02-06,1,transferencia,Carlos Paz,2023-01-01,Mariana Lopez,mariana.lopez@mail.com
105,82,Aceitunas Negras 200g,4,2394,9576.0,Alimentos,2394,2024-02-06,1,transferencia,Carlos Paz,2023-01-01,Mariana Lopez,mariana.lopez@mail.com
105,43,Salsa de Tomate 500g,5,887,4435.0,Alimentos,887,2024-02-06,1,transferencia,Carlos Paz,2023-01-01,Mariana Lopez,mariana.lopez@mail.com
106,88,Caldo Concentrado Carne,3,2570,7710.0,Limpieza,2570,2024-03-24,82,transferencia,Alta Gracia,2023-03-23,Lucas Lopez,lucas.lopez@mail.com
107,7,Jugo de Manzana 1L,4,3269,13076.0,Limpieza,3269,2024-05-21,14,efectivo,Carlos Paz,2023-01-14,Gael Martinez,gael.martinez@mail.com
107,11,Café Molido 250g,2,2053,4106.0,Alimentos,2053,2024-05-21,14,efectivo,Carlos Paz,2023-01-14,Gael Martinez,gael.martinez@mail.com
107,12,Té Negro 20 saquitos,4,570,2280.0,Limpieza,570,2024-05-21,14,efectivo,Carlos Paz,2023-01-14,Gael Martinez,gael.martinez@mail.com
107,5,Agua Mineral 500ml,4,4777,19108.0,Alimentos,4777,2024-05-21,14,efectivo,Carlos Paz,2023-01-14,Gael Martinez,gael.martinez@mail.com
108,90,Toallas Húmedas x50,4,2902,11608.0,Limpieza,2902,2024-03-25,9,tarjeta,Carlos Paz,2023-01-09,Yamila Molina,yamila.molina@mail.com
109,18,Queso Rallado 150g,1,3444,3444.0,Alimentos,3444,2024-06-04,64,transferencia,Villa Maria,2023-03-05,Julian Alvarez,julian.alvarez@mail.com
109,74,Whisky 750ml,1,2953,2953.0,Limpieza,2953,2024-06-04,64,transferencia,Villa Maria,2023-03-05,Julian Alvarez,julian.alvarez@mail.com
109,20,Pan Lactal Blanco,2,1571,3142.0,Alimentos,1571,2024-06-04,64,transferencia,Villa Maria,2023-03-05,Julian Alvarez,julian.alvarez@mail.com
109,44,Arroz Largo Fino 1kg,5,2979,14895.0,Alimentos,2979,2024-06-04,64,transferencia,Villa Maria,2023-03-05,Julian Alvarez,julian.alvarez@mail.com
110,6,Jugo de Naranja 1L,1,4170,4170.0,Limpieza,4170,2024-05-19,92,efectivo,Alta Gracia,2023-04-02,Mariana Rodriguez,mariana.rodriguez@mail.com
110,59,Chicle Menta,3,3612,10836.0,Limpieza,3612,2024-05-19,92,efectivo,Alta Gracia,2023-04-02,Mariana Rodriguez,mariana.rodriguez@mail.com
110,6,Jugo de Naranja 1L,5,4170,20850.0,Limpieza,4170,2024-05-19,92,efectivo,Alta Gracia,2023-04-02,Mariana Rodriguez,mariana.rodriguez@mail.com
111,97,Limpiavidrios 500ml,4,872,3488.0,Limpieza,872,2024-02-12,48,efectivo,Cordoba,2023-02-17,Rocio Alvarez,rocio.alvarez@mail.com
111,93,Cepillo de Dientes,3,2142,6426.0,Limpieza,2142,2024-02-12,48,efectivo,Cordoba,2023-02-17,Rocio Alvarez,rocio.alvarez@mail.com
111,20,Pan Lactal Blanco,2,1571,3142.0,Alimentos,1571,2024-02-12,48,efectivo,Cordoba,2023-02-17,Rocio Alvarez,rocio.alvarez@mail.com
111,23,Bizcochos Salados,4,2380,9520.0,Limpieza,2380,2024-02-12,48,efectivo,Cordoba,2023-02-17,Rocio Alvarez,rocio.alvarez@mail.com
112,55,Shampoo 400ml,1,1407,1407.0,Limpieza,1407,2024-01-19,28,tarjeta,Cordoba,2023-01-28,Rocio Silva,rocio.silva@mail.com
112,21,Pan Lactal Integral,4,272,1088.0,Alimentos,272,2024-01-19,28,tarjeta,Cordoba,2023-01-28,Rocio Silva,rocio.silva@mail.com
112,43,Salsa de Tomate 500g,5,887,4435.0,Alimentos,887,2024-01-19,28,tarjeta,Cordoba,2023-01-28,Rocio Silva,rocio.silva@mail.com
112,13,Té Verde 20 saquitos,2,2383,4766.0,Limpieza,2383,2024-01-19,28,tarjeta,Cordoba,2023-01-28,Rocio Silva,rocio.silva@mail.com
112,59,Chicle Menta,1,3612,3612.0,Limpieza,3612,2024-01-19,28,tarjeta,Cordoba,2023-01-28,Rocio Silva,rocio.silva@mail.com
113,53,Lavandina 1L,2,1664,3328.0,Limpieza,1664,2024-03-08,98,transferencia,Cordoba,2023-04-08,Camila Castro,camila.castro@mail.com
113,92,Crema Dental 90g,3,2512,7536.0,Limpieza,2512,2024-03-08,98,transferencia,Cordoba,2023-04-08,Camila Castro,camila.castro@mail.com
114,8,Energética Nitro 500ml,1,4218,4218.0,Limpieza,4218,2024-05-05,16,qr,Rio Cuarto,2023-01-16,Felipe Alvarez,felipe.alvarez@mail.com
114,84,Queso Azul 150g,1,1645,1645.0,Alimentos,1645,2024-05-05,16,qr,Rio Cuarto,2023-01-16,Felipe Alvarez,felipe.alvarez@mail.com
114,10,Yerba Mate Intensa 1kg,1,4883,4883.0,Alimentos,4883,2024-05-05,16,qr,Rio Cuarto,2023-01-16,Felipe Alvarez,felipe.alvarez@mail.com
114,55,Shampoo 400ml,5,1407,7035.0,Limpieza,1407,2024-05-05,16,qr,Rio Cuarto,2023-01-16,Felipe Alvarez,felipe.alvarez@mail.com
114,92,Crema Dental 90g,4,2512,10048.0,Limpieza,2512,2024-05-05,16,qr,Rio Cuarto,2023-01-16,Felipe Alvarez,felipe.alvarez@mail.com
115,17,Queso Cremoso 500g,4,4834,19336.0,Alimentos,4834,2024-02-16,3,transferencia,Rio Cuarto,2023-01-03,Hernan Martinez,hernan.martinez@mail.com
115,97,Limpiavidrios 500ml,5,872,4360.0,Limpieza,872,2024-02-16,3,transferencia,Rio Cuarto,2023-01-03,Hernan Martinez,hernan.martinez@mail.com
115,95,Mascarilla Capilar,4,1581,6324.0,Limpieza,1581,2024-02-16,3,transferencia,Rio Cuarto,2023-01-03,Hernan Martinez,hernan.martinez@mail.com
115,84,Queso Azul 150g,2,1645,3290.0,Alimentos,1645,2024-02-16,3,transferencia,Rio Cuarto,2023-01-03,Hernan Martinez,hernan.martinez@mail.com
116,65,Cerveza Rubia 1L,1,2423,2423.0,Alimentos,2423,2024-03-18,25,qr,Rio Cuarto,2023-01-25,Karina Castro,karina.castro@mail.com
116,35,Barrita de Cereal 30g,2,4430,8860.0,Limpieza,4430,2024-03-18,25,qr,Rio Cuarto,2023-01-25,Karina Castro,karina.castro@mail.com
116,42,Vinagre de Alcohol 500ml,4,1195,4780.0,Limpieza,1195,2024-03-18,25,qr,Rio Cuarto,2023-01-25,Karina Castro,karina.castro@mail.com
116,54,Jabón de Tocador,5,1592,7960.0,Limpieza,1592,2024-03-18,25,qr,Rio Cuarto,2023-01-25,Karina Castro,karina.castro@mail.com
116,90,Toallas Húmedas x50,4,2902,11608.0,Limpieza,2902,2024-03-18,25,qr,Rio Cuarto,2023-01-25,Karina Castro,karina.castro@mail.com
117,67,Vino Tinto Malbec 750ml,4,4719,18876.0,Alimentos,4719,2024-03-14,72,tarjeta,Cordoba,2023-03-13,Camila Rodriguez,camila.rodriguez@mail.com
117,61,Miel Pura 250g,2,4982,9964.0,Limpieza,4982,2024-03-14,72,tarjeta,Cordoba,2023-03-13,Camila Rodriguez,camila.rodriguez@mail.com
118,68,Vino Blanco 750ml,5,2684,13420.0,Alimentos,2684,2024-02-09,84,efectivo,Cordoba,2023-03-25,Pablo Sanchez,pablo.sanchez@mail.com
118,68,Vino Blanco 750ml,3,2684,8052.0,Alimentos,2684,2024-02-09,84,efectivo,Cordoba,2023-03-25,Pablo Sanchez,pablo.sanchez@mail.com
118,70,Fernet 750ml,2,4061,8122.0,Alimentos,4061,2024-02-09,84,efectivo,Cordoba,2023-03-25,Pablo Sanchez,pablo.sanchez@mail.com
118,93,Cepillo de Dientes,3,2142,6426.0,Limpieza,2142,2024-02-09,84,efectivo,Cordoba,2023-03-25,Pablo Sanchez,pablo.sanchez@mail.com
118,50,Azúcar 1kg,2,727,1454.0,Alimentos,727,2024-02-09,84,efectivo,Cordoba,2023-03-25,Pablo Sanchez,pablo.sanchez@mail.com
119,45,Fideos Spaghetti 500g,5,745,3725.0,Alimentos,745,2024-02-07,51,qr,Rio Cuarto,2023-02-20,Agustina Gomez,agustina.gomez@mail.com
120,20,Pan Lactal Blanco,5,1571,7855.0,Alimentos,1571,2024-04-21,72,tarjeta,Cordoba,2023-03-13,Camila Rodriguez,camila.rodriguez@mail.com
